,Cities,Country,Date Time,Temperature,Latitude,Longitude,Humidity,Cloudiness,Wind Speed
0,Shahrud,IR,1587619621.0,69.26,36.42,54.98,26.0,86.0,14.03
1,Ushuaia,AR,1587619325.0,37.4,-54.8,-68.3,78.0,20.0,4.7
2,Kafue,ZM,1587619627.0,66.56,-15.77,28.18,45.0,19.0,6.98
3,Tateyama,JP,1587619630.0,64.0,34.98,139.87,55.0,20.0,18.34
4,Yaan,NG,1587619390.0,78.06,7.38,8.57,81.0,100.0,6.44
5,Batagay-Alyta,RU,1587619636.0,27.95,67.8,130.41,85.0,99.0,3.33
6,Nome,US,1587619477.0,28.4,64.5,-165.41,68.0,1.0,5.82
7,Tiksi,RU,1587619642.0,26.69,71.69,128.87,95.0,100.0,5.41
8,Bar Harbor,US,1587619645.0,33.01,44.39,-68.2,58.0,1.0,8.05
9,Cabo San Lucas,MX,1587619648.0,72.0,22.89,-109.91,71.0,0.0,6.02
10,San Gabriel,US,1587619652.0,77.0,34.1,-118.11,27.0,1.0,14.99
11,Bredasdorp,ZA,1587619655.0,44.6,-34.53,20.04,93.0,86.0,1.12
12,São José da Coroa Grande,BR,1587619658.0,77.65,-8.9,-35.15,84.0,57.0,5.84
13,Yellowknife,CA,1587619661.0,17.01,62.46,-114.35,78.0,75.0,4.7
14,Rikitea,PF,1587619386.0,75.94,-23.12,-134.97,76.0,100.0,13.78
15,Jamestown,US,1587619667.0,30.2,42.1,-79.24,68.0,90.0,4.7
16,Wau,SS,1587619670.0,82.71,7.7,28.0,51.0,3.0,6.38
17,Puerto Ayora,EC,1587619673.0,79.0,-0.74,-90.35,86.0,76.0,5.99
18,Whitehorse,CA,1587619676.0,39.2,60.72,-135.05,86.0,90.0,3.36
19,Pareora,NZ,1587619680.0,54.0,-44.49,171.21,97.0,98.0,2.68
20,San Cristobal,VE,1587619683.0,67.6,7.77,-72.22,64.0,95.0,0.98
21,Barrow,US,1587619686.0,24.8,71.29,-156.79,79.0,90.0,6.93
22,Orneta,PL,1587619689.0,45.9,54.11,20.13,66.0,45.0,7.23
23,Dikson,RU,1587619692.0,25.43,73.51,80.55,91.0,100.0,22.46
24,Busselton,AU,1587619695.0,73.0,-33.65,115.33,42.0,67.0,9.08
25,Luwuk,ID,1587619433.0,85.21,-0.95,122.79,69.0,54.0,4.36
26,Port Lincoln,AU,1587619701.0,68.86,-34.73,135.87,68.0,35.0,16.42
27,Saint George,US,1587619520.0,66.0,37.1,-113.58,42.0,1.0,5.23
28,Katsuura,JP,1587619586.0,64.0,35.13,140.3,54.0,20.0,16.11
29,Katobu,ID,1587619711.0,83.52,-4.94,122.53,79.0,42.0,7.23
30,Bonfim,BR,1587619714.0,79.84,3.08,-59.95,65.0,74.0,4.63
31,Bridgeton,US,1587619418.0,37.99,39.43,-75.23,66.0,1.0,3.8
32,Albany,US,1587619720.0,33.01,42.6,-73.97,81.0,20.0,5.82
33,Mataura,NZ,1587619723.0,55.99,-46.19,168.86,80.0,69.0,4.0
34,De-Kastri,RU,1587619726.0,33.03,51.47,140.78,94.0,99.0,16.69
35,Chhuīkhadān,IN,1587619729.0,102.47,21.53,80.98,17.0,11.0,11.18
36,Mayumba,GA,1587619732.0,79.93,-3.43,10.66,86.0,100.0,7.52
37,Harper,LR,1587619735.0,79.79,4.38,-7.72,85.0,46.0,3.96
38,Ilulissat,GL,1587619738.0,44.6,69.22,-51.1,45.0,99.0,19.46
39,Atuona,PF,1587619742.0,82.4,-9.8,-139.03,67.0,1.0,12.28
40,Kenai,US,1587619745.0,42.8,60.55,-151.26,86.0,90.0,5.82
41,Ginir,ET,1587619748.0,64.63,7.13,40.7,48.0,77.0,3.04
42,Rāvar,IR,1587619751.0,68.2,31.27,56.81,34.0,7.0,0.58
43,Gualaquiza,EC,1587619754.0,61.29,-3.4,-78.55,63.0,30.0,0.78
44,Soni,TZ,1587619757.0,66.94,-4.85,38.37,68.0,100.0,2.51
45,Hithadhoo,MV,1587619760.0,83.37,-0.6,73.08,74.0,100.0,13.47
46,Gainesville,US,1587619485.0,66.0,29.65,-82.32,72.0,1.0,5.82
47,Weihai,CN,1587619766.0,47.68,37.5,122.11,51.0,0.0,21.77
48,George Town,MY,1587619761.0,91.4,5.41,100.34,70.0,20.0,3.36
49,Lebu,CL,1587619773.0,53.31,-37.62,-73.65,71.0,100.0,7.85
50,Mahébourg,MU,1587619584.0,80.6,-20.41,57.7,69.0,40.0,10.29
51,Yulara,AU,1587619779.0,96.8,-25.24,130.99,16.0,39.0,13.87
52,Raudeberg,NO,1587619782.0,39.99,61.99,5.14,94.0,99.0,6.4
53,Kahului,US,1587619785.0,75.2,20.89,-156.47,73.0,1.0,13.87
54,Navalmoral de la Mata,ES,1587619788.0,50.0,39.89,-5.54,87.0,19.0,1.99
55,Airai,TL,1587619791.0,69.57,-8.93,125.41,55.0,55.0,4.25
56,Butaritari,KI,1587619795.0,83.68,3.07,172.79,79.0,17.0,14.58
57,Zliten,LY,1587619798.0,68.92,32.47,14.57,50.0,15.0,19.69
58,Egvekinot,RU,1587619801.0,18.66,66.32,-179.17,91.0,77.0,4.61
59,Chokurdakh,RU,1587619804.0,22.19,70.63,147.92,97.0,100.0,11.05
60,Abu Samrah,SY,1587619807.0,68.68,35.3,37.18,26.0,13.0,11.05
61,Kruisfontein,ZA,1587619810.0,58.77,-34.0,24.73,62.0,26.0,2.33
62,Asău,RO,1587619338.0,45.0,46.43,26.4,48.0,4.0,2.24
63,Bambous Virieux,MU,1587619817.0,81.0,-20.34,57.76,69.0,40.0,10.29
64,Hermanus,ZA,1587619679.0,59.0,-34.42,19.23,80.0,88.0,10.2
65,Cidreira,BR,1587619823.0,65.7,-30.18,-50.21,84.0,53.0,7.65
66,Cape Town,ZA,1587619801.0,64.99,-33.93,18.42,68.0,97.0,18.34
67,Krasnoarmeysk,RU,1587619829.0,39.0,51.02,45.7,48.0,8.0,5.01
68,Tura,IN,1587619832.0,88.03,25.52,90.22,39.0,63.0,1.97
69,Lüderitz,NA,1587619836.0,71.6,-26.65,15.16,83.0,97.0,5.82
70,Punta Arenas,CL,1587619839.0,44.6,-53.15,-70.92,87.0,75.0,6.93
71,Kapaa,US,1587619842.0,75.2,22.08,-159.32,83.0,20.0,12.75
72,Nikolskoye,RU,1587619845.0,41.0,59.7,30.79,48.0,33.0,11.18
73,Upernavik,GL,1587619848.0,31.77,72.79,-56.15,91.0,55.0,5.01
74,Ketchikan,US,1587619851.0,46.4,55.34,-131.65,93.0,90.0,8.05
75,Vestmannaeyjar,IS,1587619854.0,43.56,63.44,-20.27,73.0,62.0,6.35
76,Vaini,TO,1587619857.0,77.0,-21.2,-175.2,94.0,75.0,4.7
77,Chui,UY,1587619860.0,63.01,-33.7,-53.46,92.0,89.0,3.87
78,Qaanaaq,GL,1587619864.0,14.63,77.48,-69.36,88.0,99.0,3.89
79,Whitianga,NZ,1587619867.0,64.99,-36.83,175.7,84.0,98.0,5.01
80,Muscat,OM,1587619870.0,91.4,23.61,58.59,31.0,20.0,6.93
81,Castro,BR,1587619873.0,51.76,-24.79,-50.01,72.0,0.0,3.11
82,Saint-Philippe,RE,1587619876.0,78.01,-21.36,55.77,83.0,75.0,18.34
83,Lorengau,PG,1587619879.0,84.06,-2.02,147.27,70.0,67.0,3.51
84,Port Elizabeth,ZA,1587619882.0,51.8,-33.92,25.57,87.0,15.0,5.82
85,Hobart,AU,1587619688.0,66.0,-42.88,147.33,45.0,75.0,11.41
86,Fairbanks,US,1587619873.0,39.2,64.84,-147.72,51.0,1.0,8.05
87,Suzun,RU,1587619892.0,78.15,53.78,82.31,24.0,4.0,19.19
88,Bluff,NZ,1587619895.0,55.99,-46.6,168.33,81.0,65.0,1.01
89,Richards Bay,ZA,1587619898.0,72.3,-28.78,32.04,82.0,20.0,11.48
90,Norman Wells,CA,1587619901.0,21.2,65.28,-126.83,67.0,90.0,5.82
91,Constitución,CL,1587619904.0,55.85,-35.33,-72.42,86.0,100.0,7.67
92,Bethel,US,1587619907.0,37.99,41.37,-73.41,47.0,1.0,3.36
93,Khani,GE,1587619910.0,44.6,41.96,42.96,93.0,90.0,5.82
94,Mujiayingzi,CN,1587619913.0,49.51,42.12,118.78,29.0,34.0,21.09
95,Hambantota,LK,1587619684.0,85.98,6.12,81.12,68.0,90.0,4.14
96,Kavaratti,IN,1587619920.0,86.45,10.57,72.64,67.0,86.0,6.44
97,Oranjemund,NA,1587619923.0,63.72,-28.55,16.43,78.0,100.0,5.79
98,Walvis Bay,NA,1587619926.0,59.0,-22.96,14.51,82.0,16.0,5.82
99,Garmsār,IR,1587619929.0,75.04,35.22,52.34,26.0,49.0,2.66
100,Nyurba,RU,1587619932.0,36.5,63.28,118.33,91.0,100.0,8.48
101,Kaitangata,NZ,1587619935.0,54.0,-46.28,169.85,75.0,82.0,2.8
102,Ust'-Omchug,RU,1587619847.0,26.24,61.15,149.63,83.0,99.0,4.76
103,Tuatapere,NZ,1587619941.0,55.99,-46.13,167.68,81.0,51.0,1.01
104,Aukra,NO,1587619945.0,37.4,62.79,6.92,93.0,40.0,5.82
105,Kendal,GB,1587619724.0,50.0,54.33,-2.75,81.0,95.0,5.26
106,Cherskiy,RU,1587619951.0,29.25,68.75,161.3,95.0,2.0,8.72
107,Halle,DE,1587619954.0,46.0,51.5,12.0,77.0,0.0,6.93
108,Tasiilaq,GL,1587619957.0,37.4,65.61,-37.64,91.0,100.0,28.86
109,Tuktoyaktuk,CA,1587619960.0,14.0,69.45,-133.04,85.0,90.0,12.75
110,Fortuna,US,1587619963.0,55.99,40.6,-124.16,100.0,90.0,6.93
111,Husavik,IS,1587619967.0,35.6,66.04,-17.34,80.0,100.0,8.05
112,Thinadhoo,MV,1587619970.0,82.26,0.53,72.93,81.0,99.0,17.38
113,Pyatnitskoye,RU,1587619973.0,43.45,50.42,37.83,56.0,4.0,10.65
114,Longyearbyen,SJ,1587619976.0,15.8,78.22,15.64,61.0,23.0,6.93
115,Khandyga,RU,1587619553.0,32.99,62.67,135.6,82.0,32.0,5.01
116,Wellington,NZ,1587619845.0,60.8,-41.29,174.78,77.0,90.0,20.8
117,Carutapera,BR,1587619985.0,77.54,-1.2,-46.02,81.0,88.0,4.47
118,Petropavlovsk-Kamchatskiy,RU,1587619988.0,42.8,53.05,158.65,56.0,75.0,15.66
119,Severo-Kuril'sk,RU,1587619992.0,34.11,50.68,156.12,92.0,100.0,20.69
120,Solnechnyy,RU,1587619995.0,33.58,50.72,136.63,76.0,49.0,14.38
121,Preobrazhenka,UA,1587619998.0,48.2,47.57,35.82,49.0,0.0,2.24
122,Yangi Marg`ilon,UZ,1587620001.0,73.4,40.43,71.72,43.0,8.0,4.7
123,Gillette,US,1587620004.0,50.0,44.29,-105.5,65.0,90.0,4.32
124,Djibouti,DJ,1587620007.0,84.2,11.5,42.5,79.0,75.0,12.39
125,Tupã,BR,1587619901.0,60.04,-21.93,-50.51,57.0,0.0,6.26
126,Iqaluit,CA,1587620013.0,12.2,63.75,-68.51,78.0,90.0,19.46
127,Saskylakh,RU,1587620017.0,30.45,71.92,114.08,97.0,70.0,7.63
128,Kloulklubed,PW,1587620020.0,86.0,7.04,134.26,74.0,75.0,9.17
129,Makat,KZ,1587620023.0,54.9,47.65,53.35,39.0,61.0,18.3
130,Provideniya,RU,1587620026.0,24.8,64.38,-173.3,58.0,62.0,4.74
131,Kyren,RU,1587620029.0,63.9,51.68,102.14,19.0,7.0,5.91
132,Gushikawa,JP,1587620032.0,66.2,26.35,127.87,59.0,90.0,11.41
133,Baykit,RU,1587620035.0,48.7,61.67,96.37,49.0,8.0,4.43
134,Sisimiut,GL,1587620038.0,31.23,66.94,-53.67,95.0,100.0,7.38
135,Vardø,NO,1587620042.0,26.6,70.37,31.11,68.0,75.0,14.99
136,Grindavik,IS,1587620045.0,41.0,63.84,-22.43,80.0,75.0,6.93
137,Labuhan,ID,1587620048.0,89.78,-6.88,112.21,63.0,99.0,11.97
138,Manyana,BW,1587620051.0,64.72,-23.4,21.72,30.0,0.0,10.96
139,Grand Baie,MU,1587620054.0,81.0,-20.02,57.58,71.0,1.0,8.99
140,Berlevåg,NO,1587620057.0,30.2,70.86,29.09,58.0,40.0,24.16
141,Alto Araguaia,BR,1587620060.0,64.83,-17.31,-53.22,77.0,85.0,3.98
142,Río Gallegos,AR,1587620064.0,48.2,-51.62,-69.22,70.0,75.0,9.17
143,Port Pirie,AU,1587620067.0,71.6,-33.18,138.02,68.0,84.0,12.75
144,Dvinskoy,RU,1587620070.0,28.04,62.15,45.12,88.0,100.0,11.36
145,Graaff-Reinet,ZA,1587620073.0,60.12,-32.25,24.53,47.0,39.0,1.52
146,Komatipoort,ZA,1587620076.0,64.0,-25.43,31.95,92.0,11.0,4.45
147,Cayambe,EC,1587620079.0,55.4,0.05,-78.13,93.0,90.0,2.24
148,Ahipara,NZ,1587620082.0,62.58,-35.17,173.17,88.0,91.0,14.85
149,Nouadhibou,MR,1587620086.0,62.6,20.93,-17.03,82.0,0.0,17.22
150,Parbhani,IN,1587620089.0,101.55,19.27,76.78,12.0,65.0,6.06
151,Kathu,TH,1587620092.0,87.8,7.92,98.33,70.0,75.0,5.82
152,Damāvand,IR,1587620095.0,69.8,35.72,52.06,30.0,40.0,9.17
153,Nadym,RU,1587620098.0,43.9,65.53,72.52,70.0,100.0,19.08
154,Camocim,BR,1587620101.0,73.56,-2.9,-40.84,91.0,72.0,2.24
155,Porto Velho,BR,1587620104.0,75.2,-8.76,-63.9,94.0,40.0,3.36
156,Beba,CU,1587620107.0,75.2,22.44,-79.73,78.0,40.0,4.7
157,East London,ZA,1587620076.0,51.8,-33.02,27.91,93.0,11.0,4.7
158,Ayan,RU,1587620114.0,27.14,56.45,138.17,92.0,100.0,18.84
159,Cochrane,CA,1587620060.0,43.0,51.18,-114.47,59.0,90.0,3.36
160,Bandarbeyla,SO,1587620120.0,84.15,9.49,50.81,67.0,32.0,8.43
161,Valparaíso,CL,1587619525.0,59.0,-33.04,-71.63,87.0,90.0,5.82
162,La Baule-Escoublac,FR,1587620126.0,48.2,47.29,-2.36,93.0,44.0,1.12
163,Killybegs,IE,1587620129.0,43.0,54.63,-8.45,89.0,100.0,1.01
164,Palmer,US,1587620132.0,35.6,42.16,-72.33,40.0,1.0,16.11
165,Mar del Plata,AR,1587620135.0,55.99,-38.0,-57.56,93.0,49.0,9.17
166,Ribeira Grande,PT,1587620138.0,59.29,38.52,-28.7,80.0,74.0,13.87
167,Laas,IT,1587620142.0,44.01,46.62,10.7,80.0,5.0,6.93
168,Ancud,CL,1587620145.0,50.0,-41.87,-73.82,81.0,99.0,10.29
169,Henties Bay,NA,1587620148.0,59.0,-22.12,14.28,91.0,0.0,1.01
170,Kumul,CN,1587620151.0,75.42,42.8,93.45,10.0,0.0,8.43
171,Kiryat Gat,IL,1587620154.0,69.01,31.61,34.76,75.0,28.0,1.99
172,Deer Lake,CA,1587619912.0,35.6,49.17,-57.43,80.0,90.0,5.82
173,New Norfolk,AU,1587620160.0,66.0,-42.78,147.06,61.0,31.0,1.99
174,Kavieng,PG,1587620163.0,83.71,-2.57,150.8,74.0,16.0,7.25
175,Saint Paul Harbor,US,1587620166.0,46.4,57.79,-152.41,81.0,90.0,4.7
176,Khatanga,RU,1587620169.0,29.84,71.97,102.5,97.0,40.0,5.08
177,Malanje,AO,1587620173.0,64.35,-9.54,16.34,69.0,100.0,4.09
178,Ruska Poliana,UA,1587620176.0,49.14,49.42,31.92,58.0,15.0,8.05
179,Arraial do Cabo,BR,1587620179.0,73.02,-22.97,-42.03,70.0,13.0,3.83
180,Dali,CN,1587620182.0,72.9,25.7,100.18,17.0,59.0,13.15
181,Cap-aux-Meules,CA,1587620185.0,31.91,47.38,-61.86,94.0,96.0,20.45
182,Trairi,BR,1587620048.0,76.08,-3.28,-39.27,83.0,98.0,3.29
183,Tamale,GH,1587620192.0,82.02,9.4,-0.84,67.0,87.0,6.26
184,Soure,BR,1587620195.0,76.33,-0.72,-48.52,90.0,99.0,4.74
185,Avarua,CK,1587620198.0,78.8,-21.21,-159.78,88.0,45.0,3.36
186,Noumea,NC,1587620095.0,78.8,-22.28,166.46,69.0,75.0,16.11
187,Arukutti,IN,1587620204.0,93.78,9.87,76.35,53.0,70.0,3.42
188,Jalu,LY,1587620207.0,78.69,29.03,21.55,18.0,0.0,15.46
189,Fort Nelson,CA,1587620210.0,50.0,58.81,-122.7,59.0,75.0,5.82
190,Hilo,US,1587620028.0,75.2,19.73,-155.09,73.0,90.0,5.82
191,Northam,GB,1587620217.0,46.0,51.03,-4.22,87.0,27.0,1.99
192,Jaciara,BR,1587620220.0,68.18,-15.97,-54.97,83.0,82.0,0.85
193,Tambovka,RU,1587620223.0,39.2,50.1,128.05,38.0,51.0,4.47
194,Caxito,AO,1587620226.0,74.61,-8.58,13.66,92.0,95.0,3.56
195,Kurumkan,RU,1587620229.0,48.38,54.3,110.3,41.0,81.0,9.01
196,Guerrero Negro,MX,1587620232.0,66.2,27.98,-114.06,65.0,1.0,9.13
197,‘Āhuimanu,US,1587620236.0,78.8,21.44,-157.84,74.0,75.0,9.17
198,Grand Gaube,MU,1587620239.0,81.0,-20.01,57.66,71.0,1.0,8.99
199,Hualmay,PE,1587620242.0,67.14,-11.1,-77.61,78.0,43.0,5.55
200,Manjakandriana,MG,1587620245.0,66.2,-18.92,47.8,77.0,75.0,5.82
201,Odienné,CI,1587620248.0,74.53,9.51,-7.57,73.0,46.0,2.77
202,Sarangani,PH,1587620251.0,84.0,5.4,125.46,73.0,100.0,14.63
203,Chiantla,GT,1587620254.0,54.0,15.35,-91.46,94.0,58.0,2.91
204,Simões,BR,1587620257.0,68.22,-7.6,-40.82,81.0,100.0,3.36
205,Talnakh,RU,1587620260.0,35.6,69.49,88.4,80.0,100.0,44.74
206,Lompoc,US,1587620194.0,60.01,34.64,-120.46,93.0,1.0,8.05
207,Belmonte,BR,1587620267.0,73.4,-15.86,-38.88,88.0,75.0,3.36
208,Santa Vitória do Palmar,BR,1587620270.0,62.92,-33.52,-53.37,93.0,85.0,4.63
209,Nabire,ID,1587620273.0,88.18,-3.37,135.48,59.0,65.0,5.88
210,Zarya,RU,1587620276.0,41.0,55.76,38.1,41.0,87.0,15.66
211,Pangnirtung,CA,1587620279.0,13.82,66.15,-65.71,91.0,83.0,1.97
212,Rome,US,1587620206.0,28.99,43.21,-75.46,63.0,1.0,4.7
213,Huarmey,PE,1587620285.0,69.28,-10.07,-78.15,75.0,3.0,5.73
214,Cayenne,GF,1587620288.0,75.2,4.93,-52.33,100.0,100.0,9.46
215,Winnemucca,US,1587620291.0,57.2,40.97,-117.74,58.0,90.0,9.17
216,Tūkrah,LY,1587620295.0,69.13,32.53,20.58,52.0,73.0,8.66
217,Seoul,KR,1587620268.0,57.2,37.57,126.98,35.0,75.0,5.82
218,Vila Velha,BR,1587620009.0,69.01,-20.33,-40.29,93.0,11.0,2.24
219,Cascais,PT,1587620304.0,55.99,38.7,-9.42,87.0,20.0,10.29
220,Waipawa,NZ,1587620307.0,60.8,-41.41,175.52,77.0,90.0,20.8
221,Provincia di Sassari,IT,1587620310.0,55.4,40.77,8.76,93.0,20.0,8.05
222,Sesheke,ZM,1587620313.0,48.2,-17.48,24.3,93.0,0.0,1.12
223,Viedma,AR,1587620316.0,54.68,-40.81,-63.0,51.0,40.0,8.68
224,Kropotkin,RU,1587620319.0,48.58,45.44,40.58,63.0,58.0,8.28
225,Teseney,ER,1587620323.0,90.7,15.11,36.66,21.0,45.0,10.33
226,Sept-Îles,CA,1587620326.0,30.2,50.2,-66.38,86.0,90.0,10.29
227,Kudahuvadhoo,MV,1587620329.0,81.84,2.67,72.89,79.0,92.0,12.95
228,Sistranda,NO,1587620332.0,41.0,63.73,8.83,80.0,75.0,5.82
229,Codrington,AU,1587620335.0,65.21,-38.27,141.97,63.0,100.0,15.75
230,Scarborough,GB,1587620338.0,44.01,54.28,-0.4,89.0,66.0,1.99
231,Cap Malheureux,MU,1587620341.0,81.0,-19.98,57.61,71.0,0.0,8.99
232,Bealanana,MG,1587620344.0,72.48,-14.55,48.73,47.0,69.0,2.13
233,Wamba,NG,1587620347.0,76.69,8.93,8.6,74.0,99.0,1.5
234,Tarko-Sale,RU,1587620351.0,44.01,64.92,77.78,75.0,100.0,18.59
235,Kochubey,RU,1587620354.0,51.98,44.39,46.58,55.0,100.0,14.88
236,West Wendover,US,1587620357.0,64.4,40.74,-114.07,25.0,75.0,6.93
237,Hong Kong,HK,1587620331.0,73.0,22.29,114.16,78.0,40.0,10.29
238,Alofi,NU,1587620326.0,80.6,-19.06,-169.92,88.0,73.0,3.36
239,Bengkulu,ID,1587620366.0,89.24,-3.8,102.27,59.0,100.0,6.29
240,Port-Gentil,GA,1587620369.0,78.8,-0.72,8.78,94.0,75.0,6.35
241,Klaksvík,FO,1587620372.0,39.2,62.23,-6.59,82.0,0.0,2.24
242,Port Alfred,ZA,1587620285.0,60.01,-33.59,26.89,90.0,1.0,1.01
243,Rocha,UY,1587620306.0,61.57,-34.48,-54.33,91.0,76.0,3.18
244,Sangar,RU,1587620382.0,34.38,63.92,127.47,84.0,100.0,11.99
245,Itaguaçu,BR,1587620385.0,65.48,-19.8,-40.86,82.0,32.0,1.88
246,Darhan,MN,1587620388.0,59.29,49.49,105.92,21.0,0.0,4.85
247,Souillac,MU,1587620391.0,80.6,-20.52,57.52,69.0,40.0,10.29
248,Touros,BR,1587620278.0,75.2,-5.2,-35.46,100.0,40.0,3.36
249,Vila do Maio,CV,1587620397.0,69.8,15.13,-23.22,68.0,20.0,17.22
250,Pekalongan,ID,1587620400.0,88.88,-6.89,109.68,64.0,99.0,6.31
251,Saint-Augustin,CA,1587620403.0,32.18,51.23,-58.65,97.0,100.0,10.6
252,Manicoré,BR,1587620406.0,73.56,-5.81,-61.3,94.0,53.0,0.67
253,Spring Valley,US,1587620131.0,79.0,36.11,-115.25,16.0,1.0,4.7
254,São Félix do Xingu,BR,1587620300.0,71.15,-6.64,-51.99,90.0,93.0,0.54
255,Bilma,NE,1587620416.0,87.19,18.69,12.92,11.0,9.0,8.3
256,Colgong,IN,1587620419.0,95.11,25.27,87.22,23.0,78.0,1.99
257,Honiara,SB,1587620422.0,84.2,-9.43,159.95,83.0,75.0,5.82
258,Auki,SB,1587620425.0,85.17,-8.77,160.7,69.0,66.0,4.14
259,Mbour,SN,1587620428.0,68.0,14.42,-16.96,88.0,20.0,16.11
260,São João da Barra,BR,1587620431.0,67.89,-21.64,-41.05,87.0,1.0,5.66
261,Buchanan,LR,1587620434.0,78.8,5.88,-10.05,94.0,75.0,1.83
262,Safi,MA,1587620175.0,59.36,32.3,-9.24,84.0,100.0,13.62
263,Neryungri,RU,1587620441.0,36.61,56.67,124.65,59.0,98.0,4.83
264,Atar,MR,1587620444.0,69.04,20.52,-13.05,21.0,45.0,3.71
265,La Ronge,CA,1587620447.0,32.0,55.1,-105.28,84.0,5.0,2.24
266,College,US,1587620450.0,42.8,64.86,-147.8,41.0,20.0,6.93
267,Campbellsville,US,1587620453.0,59.0,37.34,-85.34,51.0,90.0,13.87
268,Geraldton,AU,1587620456.0,80.6,-28.77,114.6,39.0,58.0,12.75
269,Laguna,US,1587620339.0,68.0,38.42,-121.42,77.0,1.0,3.36
270,Mount Gambier,AU,1587620462.0,59.0,-37.83,140.77,87.0,40.0,13.87
271,Havre-St-Pierre,CA,1587620465.0,26.6,50.23,-63.6,92.0,90.0,5.82
272,Faanui,PF,1587620469.0,81.09,-16.48,-151.75,76.0,14.0,18.9
273,Fayaoué,NC,1587620472.0,77.9,-20.65,166.53,81.0,6.0,19.98
274,Mashhad,IR,1587620379.0,71.6,36.3,59.61,53.0,20.0,6.93
275,Oistins,BB,1587620478.0,80.6,13.07,-59.53,74.0,40.0,16.11
276,Innisfail,AU,1587620481.0,80.01,-17.53,146.03,63.0,19.0,5.99
277,Bathsheba,BB,1587620288.0,80.6,13.22,-59.52,74.0,40.0,16.11
278,Svetlaya,RU,1587620487.0,37.18,46.54,138.33,77.0,83.0,3.87
279,Shubarkuduk,KZ,1587620490.0,49.55,49.14,56.49,45.0,35.0,20.07
280,Bud,US,1587620493.0,60.01,39.45,-86.18,54.0,87.0,6.6
281,Pevek,RU,1587620497.0,15.44,69.7,170.31,93.0,0.0,3.62
282,Makkah al Mukarramah,SA,1587620250.0,86.72,21.43,39.83,26.0,32.0,1.86
283,Yuancheng,CN,1587620503.0,55.85,36.65,107.79,16.0,29.0,11.07
284,Ponta do Sol,PT,1587620506.0,60.8,32.67,-17.1,63.0,20.0,9.17
285,Bonavista,CA,1587620338.0,34.75,48.65,-53.11,96.0,100.0,21.81
286,Westfield,US,1587620512.0,35.6,42.13,-72.75,43.0,1.0,3.36
287,Najrān,SA,1587620353.0,77.0,17.49,44.13,57.0,34.0,4.81
288,Cookeville,US,1587620497.0,53.6,36.16,-85.5,81.0,90.0,6.93
289,Distrikt Brokopondo,SR,1587620521.0,72.68,4.75,-55.17,95.0,96.0,1.88
290,Mādhogarh,IN,1587620524.0,98.01,26.28,79.19,15.0,76.0,8.77
291,Ratnagiri,IN,1587620528.0,94.51,16.98,73.3,39.0,76.0,3.18
292,Esperance,AU,1587620531.0,73.4,-33.87,121.9,46.0,0.0,8.05
293,Belyy Yar,RU,1587620534.0,69.8,53.6,91.39,22.0,87.0,4.47
294,Berea,US,1587620537.0,39.2,41.37,-81.85,86.0,90.0,4.7
295,Camacha,PT,1587620540.0,60.8,33.08,-16.33,72.0,40.0,6.93
296,Los Llanos de Aridane,ES,1587620543.0,64.4,28.66,-17.92,52.0,99.0,6.93
297,Tondano,ID,1587620546.0,87.8,1.3,124.91,66.0,40.0,5.82
298,Yovon,TJ,1587620549.0,80.6,38.31,69.04,31.0,9.0,4.47
299,Ukiah,US,1587620552.0,55.99,39.15,-123.21,96.0,93.0,1.01
300,Malinovoye Ozero,RU,1587620556.0,82.67,51.68,79.78,17.0,18.0,23.02
301,Maceió,BR,1587620477.0,75.2,-9.67,-35.74,94.0,75.0,3.36
302,Broken Hill,AU,1587620562.0,77.0,-31.95,141.43,22.0,40.0,13.87
303,Portland,US,1587620072.0,57.0,45.52,-122.68,82.0,90.0,8.05
304,Yenagoa,NG,1587620568.0,77.81,4.92,6.26,91.0,99.0,4.52
305,Takāb,IR,1587620571.0,52.43,36.4,47.11,39.0,98.0,13.18
306,Naze,JP,1587620308.0,62.6,28.37,129.48,48.0,75.0,17.22
307,Kamenka,RU,1587620577.0,37.99,51.32,42.77,73.0,27.0,4.0
308,Hervey Bay,AU,1587620580.0,80.01,-25.3,152.85,58.0,10.0,5.99
309,Glenwood Springs,US,1587620348.0,39.99,39.55,-107.32,63.0,40.0,9.17
310,Aklavik,CA,1587620587.0,15.8,68.22,-135.01,85.0,90.0,12.75
311,Manggar,ID,1587620590.0,87.89,-2.88,108.27,66.0,83.0,8.81
312,Asha,RU,1587620593.0,35.19,55.0,57.27,87.0,100.0,14.18
313,Verkhnevilyuysk,RU,1587620596.0,35.26,63.45,120.32,93.0,100.0,7.61
314,Doembang Nangbuat,TH,1587620599.0,106.0,14.83,100.1,41.0,90.0,6.93
315,Gizo Government Station,SB,1587620602.0,84.0,-8.1,156.84,74.0,94.0,4.32
316,Mossamedes,AO,1587620605.0,73.56,-15.2,12.15,78.0,0.0,5.44
317,Mount Isa,AU,1587620483.0,96.8,-20.73,139.5,15.0,0.0,4.7
318,Sosnovo-Ozerskoye,RU,1587620611.0,54.88,52.52,111.54,25.0,60.0,19.73
319,Dingle,PH,1587620614.0,90.46,11.0,122.67,53.0,60.0,15.19
320,Puerto Madero,MX,1587620618.0,82.8,14.72,-92.42,70.0,17.0,3.56
321,Nuuk,GL,1587620495.0,37.4,64.18,-51.72,93.0,100.0,11.41
322,Qingdao,CN,1587620624.0,59.0,36.1,120.37,21.0,0.0,17.9
323,Coquimbo,CL,1587620356.0,59.41,-29.95,-71.34,86.0,99.0,1.39
324,Hobyo,SO,1587620630.0,86.65,5.35,48.53,67.0,57.0,10.07
325,Nemuro,JP,1587620633.0,48.2,43.32,145.57,42.0,75.0,18.34
326,Zhicheng,CN,1587620636.0,71.26,30.3,111.5,34.0,97.0,3.94
327,Mogadishu,SO,1587620510.0,83.66,2.04,45.34,69.0,81.0,0.45
328,Kichera,RU,1587620642.0,35.37,55.94,110.1,67.0,100.0,5.68
329,Teknāf,BD,1587620646.0,91.08,20.86,92.31,44.0,27.0,7.96
330,Dubti,ET,1587620649.0,86.13,11.74,41.09,45.0,0.0,5.41
331,Upington,ZA,1587620354.0,68.0,-28.45,21.26,49.0,40.0,3.36
332,Alyangula,AU,1587620655.0,89.6,-13.85,136.42,55.0,40.0,14.99
333,Vrangel',RU,1587620658.0,42.69,42.73,133.08,62.0,50.0,15.28
334,La Plata,AR,1587620661.0,64.0,-34.92,-57.95,91.0,21.0,1.01
335,Hellín,ES,1587620664.0,46.4,38.51,-1.7,93.0,75.0,5.82
336,Shenkursk,RU,1587620667.0,29.07,62.11,42.9,86.0,100.0,13.31
337,Saint Anthony,US,1587620671.0,48.2,45.02,-93.22,57.0,1.0,8.05
338,Newport,GB,1587620674.0,46.99,51.59,-3.0,86.0,78.0,1.01
339,São Paulo de Olivença,BR,1587620677.0,72.7,-3.38,-68.87,94.0,98.0,2.86
340,Mitsamiouli,KM,1587620680.0,84.2,-11.38,43.28,74.0,20.0,2.24
341,Yakima,US,1587620683.0,54.0,46.47,-120.67,71.0,90.0,4.7
342,Dabat,ET,1587620686.0,67.93,12.98,37.77,11.0,60.0,1.23
343,Severomuysk,RU,1587620689.0,28.56,56.15,113.43,55.0,100.0,9.55
344,Arrondissement d'Arcachon,FR,1587620692.0,57.0,44.59,-1.05,100.0,90.0,3.36
345,Mauá,BR,1587620696.0,62.01,-23.67,-46.46,87.0,30.0,1.12
346,Sabha,LY,1587620699.0,78.46,27.04,14.43,18.0,0.0,16.24
347,Moose Factory,CA,1587620702.0,-5.8,51.26,-80.61,91.0,1.0,3.36
348,Emmett,US,1587620705.0,53.01,43.87,-116.5,87.0,20.0,4.7
349,Patrocínio,BR,1587620708.0,66.2,-18.94,-46.99,93.0,40.0,6.93
350,Wairoa,NZ,1587620711.0,64.0,-39.03,177.37,66.0,78.0,1.99
351,Kirovo-Chepetsk,RU,1587620714.0,28.06,58.55,50.04,90.0,100.0,10.69
352,Tall Kayf,TR,1587620717.0,66.04,37.08,41.07,60.0,6.0,8.28
353,Torbay,CA,1587620721.0,36.0,47.67,-52.73,93.0,90.0,13.87
354,Carahue,CL,1587620724.0,51.8,-38.7,-73.17,87.0,98.0,2.24
355,Lagoa,PT,1587620727.0,59.81,39.05,-27.98,82.0,100.0,13.15
356,Gornoye Loo,RU,1587620730.0,51.01,43.71,39.6,61.0,12.0,4.47
357,Olafsvik,IS,1587620733.0,41.22,64.89,-23.71,82.0,100.0,8.81
358,Kupang,ID,1587620736.0,91.4,-10.17,123.58,55.0,75.0,24.16
359,Banda Aceh,ID,1587620739.0,84.09,5.56,95.32,73.0,100.0,4.14
360,Koungou,YT,1587620743.0,86.0,-12.73,45.2,70.0,68.0,8.05
361,Saldanha,ZA,1587620745.0,57.2,-33.01,17.94,82.0,100.0,4.7
362,Radomir,BG,1587620749.0,43.0,42.54,22.96,74.0,3.0,3.36
363,Turtas,RU,1587620752.0,51.04,58.94,69.13,49.0,100.0,17.83
364,Marawi,PH,1587620755.0,82.99,8.0,124.29,82.0,71.0,10.0
365,Thompson,CA,1587620758.0,30.2,55.74,-97.86,100.0,90.0,2.24
366,Nipawin,CA,1587620761.0,35.6,53.37,-104.0,87.0,75.0,3.36
367,Marabu,MY,1587620764.0,82.4,4.41,114.01,88.0,75.0,11.41
368,Lady Frere,ZA,1587620767.0,60.21,-31.7,27.23,45.0,27.0,2.3
369,Leningradskiy,RU,1587620771.0,16.16,69.38,178.42,94.0,63.0,2.17
370,Santarém,BR,1587620771.0,73.4,-2.44,-54.71,100.0,100.0,5.7
371,Sitka,US,1587620777.0,44.6,57.05,-135.33,93.0,90.0,10.29
372,Fougamou,GA,1587620780.0,75.18,-1.22,10.58,90.0,93.0,0.69
373,Virginia Beach,US,1587620103.0,55.4,36.85,-75.98,62.0,75.0,6.93
374,Hanmer Springs,NZ,1587620786.0,54.68,-42.52,172.82,58.0,100.0,5.48
375,Manta,EC,1587620789.0,77.0,-0.95,-80.73,88.0,75.0,6.93
376,Zhangye,CN,1587620792.0,61.59,38.93,100.45,12.0,5.0,9.08
377,Bestöbe,KZ,1587620796.0,54.97,52.5,73.1,58.0,100.0,17.09
378,Namie,JP,1587620799.0,57.0,37.48,141.0,50.0,40.0,11.41
379,Kieta,PG,1587620802.0,81.81,-6.22,155.63,78.0,81.0,4.18
380,Hasaki,JP,1587620805.0,64.4,35.73,140.83,54.0,75.0,13.87
381,Soto la Marina,MX,1587620808.0,80.01,23.77,-98.22,84.0,57.0,8.01
382,Tazovsky,RU,1587620811.0,36.91,67.47,78.7,98.0,100.0,21.41
383,Sibolga,ID,1587620814.0,81.97,1.74,98.78,77.0,100.0,2.35
384,Sungai Penuh,ID,1587620818.0,77.67,-2.08,101.38,63.0,81.0,0.65
385,Ushibukamachi,JP,1587620821.0,52.45,32.19,130.02,67.0,94.0,24.32
386,Shingū,JP,1587620824.0,59.0,33.73,135.98,44.0,40.0,16.11
387,Tonj,SS,1587620827.0,82.85,7.27,28.68,50.0,0.0,7.65
388,Necochea,AR,1587620830.0,51.35,-38.55,-58.74,62.0,35.0,5.73
389,Goundam,ML,1587620833.0,83.88,16.41,-3.67,12.0,32.0,7.81
390,Umba,RU,1587620836.0,27.61,66.69,34.34,90.0,19.0,17.67
391,Revda,RU,1587620839.0,41.0,56.8,59.93,75.0,90.0,17.9
392,Alora,ES,1587620843.0,60.8,36.82,-4.71,87.0,75.0,8.05
393,Burgeo,CA,1587620846.0,34.05,47.62,-57.62,90.0,70.0,15.46
394,São Filipe,CV,1587620849.0,70.45,14.9,-24.5,77.0,86.0,17.85
395,Rājūra,IN,1587620852.0,103.6,19.78,79.37,21.0,65.0,9.55
396,Sola,VU,1587620855.0,82.89,-13.88,167.55,75.0,93.0,9.86
397,Hanna,CA,1587620858.0,41.0,51.63,-111.9,67.0,80.0,8.99
398,Il’inskiy,RU,1587620861.0,42.01,55.62,38.12,41.0,88.0,15.66
399,Charters Towers,AU,1587620864.0,84.92,-20.1,146.27,41.0,0.0,11.95
400,Wajir,KE,1587620867.0,76.37,1.75,40.06,80.0,100.0,9.4
401,Jishui,CN,1587620870.0,67.41,33.73,115.4,26.0,64.0,6.24
402,Sørland,NO,1587620874.0,41.0,67.67,12.69,93.0,75.0,9.17
403,Arrifes,PT,1587620877.0,59.0,37.77,-25.7,87.0,75.0,8.05
404,Ashtabula,US,1587620880.0,37.0,41.7,-80.77,93.0,90.0,3.36
405,Khingansk,RU,1587620883.0,42.6,49.12,131.18,43.0,53.0,8.12
406,Port Blair,IN,1587620886.0,84.74,11.67,92.75,67.0,86.0,4.36
407,Presidente Médici,BR,1587620889.0,71.96,-11.18,-61.9,87.0,92.0,0.43
408,Saint Lawrence,MT,1587620892.0,62.01,36.06,14.2,87.0,100.0,5.82
409,Prince Rupert,CA,1587620895.0,44.6,54.32,-130.32,83.0,90.0,2.24
410,Urk,NL,1587620898.0,52.0,52.66,5.6,67.0,0.0,10.13
411,Yumen,CN,1587620902.0,62.53,40.28,97.2,12.0,17.0,22.1
412,Luanda,AO,1587620905.0,75.33,-8.84,13.23,90.0,95.0,7.27
413,Lerwick,GB,1587620908.0,46.4,60.15,-1.15,93.0,29.0,5.82
414,Benjamin Constant,BR,1587620911.0,75.2,-4.38,-70.03,100.0,75.0,2.24
415,Dengzhou,CN,1587620914.0,48.99,37.81,120.75,47.0,0.0,16.78
416,Rosehearty,GB,1587620917.0,43.0,57.7,-2.11,83.0,9.0,5.01
417,Chernyshevskiy,RU,1587620920.0,34.48,63.01,112.47,83.0,100.0,12.53
418,Paluan,PH,1587620923.0,88.9,13.42,120.46,53.0,69.0,9.84
419,Shahr-e Bābak,IR,1587620926.0,63.16,30.12,55.12,30.0,2.0,6.24
420,Te Anau,NZ,1587620930.0,50.0,-45.42,167.72,70.0,66.0,5.79
421,Zambezi,ZM,1587620933.0,60.48,-13.54,23.1,47.0,0.0,6.82
422,Dwārka,IN,1587620936.0,82.08,22.24,68.97,83.0,21.0,11.54
423,Kirakira,SB,1587620939.0,81.37,-10.45,161.92,77.0,88.0,6.26
424,Lata,PT,1587620942.0,55.0,40.16,-8.33,92.0,53.0,2.35
425,Korla,CN,1587620945.0,71.83,41.76,86.15,15.0,5.0,3.65
426,The Valley,AI,1587620948.0,80.6,18.22,-63.06,78.0,75.0,6.93
427,Hofn,IS,1587620951.0,42.48,64.25,-15.21,61.0,87.0,7.38
428,Aykhal,RU,1587620954.0,39.2,66.0,111.5,51.0,100.0,11.18
429,La Esperanza,GT,1587620958.0,54.0,14.87,-91.57,94.0,38.0,1.72
430,Maryborough,AU,1587620961.0,80.01,-25.53,152.7,57.0,16.0,7.0
431,Lyngseidet,NO,1587620964.0,35.6,69.58,20.22,93.0,90.0,11.41
432,Ndjolé,GA,1587620967.0,75.2,-0.18,10.76,89.0,95.0,0.47
433,Balakhta,RU,1587620970.0,70.66,55.38,91.6,28.0,100.0,8.14
434,Vaitape,PF,1587620973.0,81.93,-16.52,-151.75,76.0,14.0,18.88
435,Narsaq,GL,1587620976.0,48.2,60.92,-46.05,34.0,21.0,11.41
436,Maïné Soroa,NE,1587620979.0,83.84,13.21,12.02,13.0,36.0,6.24
437,Monjarás,HN,1587620983.0,81.59,13.2,-87.37,79.0,17.0,0.89
438,Sindor,RU,1587620986.0,26.38,62.86,51.89,87.0,100.0,10.83
439,Port Hardy,CA,1587620989.0,50.0,50.7,-127.42,87.0,90.0,4.7
440,Nara,JP,1587620951.0,59.0,34.69,135.8,51.0,40.0,19.46
441,Kostino,RU,1587620995.0,29.52,58.91,53.27,91.0,100.0,9.98
442,Valparai,IN,1587620998.0,84.58,10.37,76.97,36.0,58.0,5.23
443,Shelburne,CA,1587621001.0,24.01,44.08,-80.2,78.0,1.0,1.41
444,San Juan,AR,1587621005.0,65.35,-31.54,-68.54,48.0,76.0,0.67
445,Bubaque,GW,1587621008.0,76.53,11.28,-15.83,67.0,25.0,11.65
446,Qaqortoq,GL,1587621011.0,48.2,60.72,-46.03,34.0,51.0,11.41
447,Basse,DE,1587621014.0,48.0,52.55,9.51,70.0,0.0,8.05
448,Miraflores,MX,1587621017.0,69.8,19.22,-98.81,37.0,75.0,9.17
449,Lima,PE,1587620802.0,68.0,-12.04,-77.03,82.0,10.0,8.05
450,Pisco,PE,1587621023.0,64.99,-13.7,-76.22,88.0,0.0,2.24
451,Dombarovskiy,RU,1587621026.0,47.39,50.76,59.54,48.0,18.0,24.61
452,Avera,US,1587621030.0,60.8,33.19,-82.53,87.0,90.0,5.64
453,Bedi,IN,1587621033.0,91.96,22.5,70.05,44.0,81.0,16.33
454,Port Moresby,PG,1587621036.0,89.6,-9.44,147.18,66.0,40.0,21.92
455,Ixtapa,MX,1587620881.0,69.8,20.7,-105.2,88.0,5.0,3.65
456,Arrecife,ES,1587621042.0,64.4,28.96,-13.55,77.0,20.0,11.41
457,Gouré,NE,1587621045.0,89.01,13.98,10.27,12.0,45.0,1.99
458,Moskovskiy,RU,1587621048.0,42.01,55.6,37.35,35.0,79.0,13.42
459,Hamilton,US,1587621051.0,59.0,39.18,-84.53,47.0,90.0,6.93
460,Ulladulla,AU,1587621054.0,75.2,-35.35,150.47,29.0,27.0,10.29
461,Adelaide,AU,1587620819.0,64.0,-34.93,138.6,93.0,75.0,12.75
462,Sabang,ID,1587621061.0,84.38,5.89,95.32,72.0,100.0,8.52
463,Sibay,RU,1587620852.0,39.31,52.72,58.67,61.0,96.0,24.32
464,Buraidah,SA,1587621067.0,84.51,26.33,43.98,19.0,0.0,13.4
465,Chul'man,RU,1587621070.0,36.63,56.85,124.91,60.0,99.0,4.83
466,Mahon,ES,1587621073.0,57.2,39.89,4.27,82.0,20.0,12.75
467,Mahārāganj,IN,1587621076.0,93.18,27.13,83.57,23.0,38.0,4.52
468,Deputatsky,RU,1587621079.0,19.65,69.3,139.9,92.0,100.0,3.47
469,Greifswald,DE,1587621082.0,42.01,54.1,13.38,85.0,0.0,3.11
470,Pundaguitan,PH,1587621086.0,83.95,6.37,126.17,70.0,88.0,5.19
471,Davila,PH,1587621089.0,87.8,18.47,120.58,74.0,75.0,12.75
472,Jiuquan,CN,1587621092.0,61.18,39.74,98.52,12.0,15.0,14.92
473,Port Hedland,AU,1587621095.0,104.0,-20.32,118.57,26.0,51.0,13.87
474,Udachny,RU,1587621098.0,39.2,66.42,112.4,51.0,99.0,11.18
475,Santa Isabel,BR,1587621101.0,60.8,-23.32,-46.22,93.0,20.0,3.36
476,Half Moon Bay,US,1587620845.0,61.0,37.46,-122.43,100.0,90.0,17.22
477,Mhlume,SZ,1587621108.0,64.99,-26.03,31.85,91.0,9.0,1.01
478,Tazmalt,DZ,1587621111.0,51.8,36.39,4.4,93.0,40.0,4.7
479,Rakaia,NZ,1587621114.0,57.0,-43.75,172.02,28.0,100.0,1.32
480,Mandalgovi,MN,1587621117.0,51.64,45.76,106.27,16.0,0.0,15.28
481,Kabinda,CD,1587621120.0,70.79,-6.13,24.48,67.0,71.0,2.89
482,Wynyard,AU,1587621123.0,57.0,-41.0,145.72,8.0,97.0,3.0
483,Carnarvon,AU,1587621127.0,80.6,-24.87,113.63,61.0,88.0,17.22
484,Bukama,CD,1587621130.0,71.01,-9.2,25.85,69.0,56.0,1.07
485,Borūjerd,IR,1587621133.0,66.2,33.9,48.75,63.0,20.0,6.93
486,Simi,SL,1587621136.0,76.96,9.57,-12.35,84.0,3.0,0.65
487,Borovskoy,KZ,1587621139.0,48.02,53.8,64.15,49.0,24.0,26.33
488,Suntar,RU,1587621142.0,37.29,62.14,117.63,92.0,100.0,5.23
489,Noormarkku,FI,1587621145.0,39.2,61.59,21.87,74.0,60.0,4.7
490,Beringovskiy,RU,1587621148.0,15.31,63.05,179.32,93.0,13.0,8.55
491,Vanderhoof,CA,1587621152.0,43.66,54.02,-124.02,55.0,72.0,9.69
492,Kidal,ML,1587621155.0,81.68,18.44,1.41,11.0,4.0,8.57
493,Mumford,GH,1587621158.0,79.48,5.26,-0.76,87.0,96.0,7.47
494,Paramonga,PE,1587621161.0,70.12,-10.67,-77.83,72.0,21.0,7.96
495,Chicama,PE,1587621164.0,71.62,-7.84,-79.15,67.0,85.0,4.79
496,Garhiyasin,PK,1587621167.0,86.0,27.91,68.51,28.0,40.0,6.93
497,Moranbah,AU,1587621170.0,87.62,-22.0,148.05,29.0,0.0,13.35
498,Amahai,ID,1587621173.0,85.66,-3.33,128.92,69.0,49.0,6.15
499,Sioux Lookout,CA,1587621176.0,33.8,50.1,-91.92,55.0,40.0,5.82
500,Valuyki,RU,1587621179.0,43.86,50.2,38.11,54.0,7.0,10.09
501,Nishihara,JP,1587621183.0,66.2,26.18,127.76,63.0,90.0,12.75
502,Campos dos Goytacazes,BR,1587621186.0,65.98,-21.75,-41.3,90.0,3.0,3.22
503,San Isidro,PE,1587621189.0,68.0,-12.12,-77.05,82.0,8.0,8.05
504,Wanxian,CN,1587621192.0,55.99,30.8,108.39,74.0,100.0,1.03
505,Saint-François,FR,1587621195.0,50.0,46.42,3.91,87.0,90.0,3.89
506,Hemnesberget,NO,1587621198.0,39.0,66.23,13.63,93.0,100.0,10.0
507,Trat,TH,1587621201.0,91.4,12.5,102.5,75.0,20.0,6.93
508,Kelvington,CA,1587621204.0,34.34,52.17,-103.53,80.0,100.0,4.7
509,Plettenberg Bay,ZA,1587621208.0,61.41,-34.05,23.37,65.0,46.0,0.92
510,Ambilobe,MG,1587621211.0,82.92,-13.2,49.05,64.0,40.0,3.42
511,Mazkeret Batya,IL,1587621214.0,70.0,31.85,34.84,68.0,40.0,11.41
512,Boa Vista,BR,1587621217.0,80.6,2.82,-60.67,78.0,40.0,4.7
513,Montelíbano,CO,1587621220.0,76.46,7.98,-75.42,88.0,100.0,4.99
514,Sterling,US,1587621024.0,52.0,39.01,-77.43,59.0,90.0,4.7
515,Broome,US,1587621226.0,28.99,42.25,-75.83,58.0,1.0,9.17
516,Sakakah,SA,1587621229.0,78.8,29.97,40.21,17.0,0.0,16.11
517,Meiktila,MM,1587621232.0,99.66,20.87,95.87,21.0,20.0,5.39
518,Ventspils,LV,1587621236.0,42.8,57.39,21.56,100.0,82.0,3.36
519,Iskateley,RU,1587621239.0,23.68,67.68,53.15,95.0,97.0,19.73
520,Tavda,RU,1587621242.0,46.94,58.04,65.27,54.0,62.0,15.73
521,Ayagoz,KZ,1587621245.0,77.38,47.97,80.44,16.0,0.0,17.49
522,Petersburg,US,1587621248.0,48.2,37.23,-77.4,66.0,1.0,3.98
523,Chisec,GT,1587621251.0,77.32,15.82,-90.28,70.0,5.0,4.92
524,Kirensk,RU,1587621254.0,48.56,57.79,108.11,46.0,92.0,13.11
525,Myitkyina,MM,1587621257.0,95.86,25.38,97.4,22.0,22.0,4.88
526,Kashgar,CN,1587621260.0,60.8,39.45,75.98,51.0,20.0,6.71
527,Port Augusta,AU,1587621264.0,71.6,-32.5,137.77,68.0,92.0,12.75
528,San Patricio,MX,1587621267.0,73.62,19.22,-104.7,76.0,99.0,0.89
529,Irbit,RU,1587621270.0,44.02,57.67,63.07,60.0,55.0,17.29
530,Ormara,PK,1587621273.0,89.4,25.21,64.64,42.0,0.0,16.37
531,San Quintín,MX,1587621276.0,64.76,30.48,-115.95,71.0,0.0,8.93
532,Kuliyapitiya,LK,1587621147.0,95.09,7.47,80.04,48.0,77.0,3.2
533,Hibbing,US,1587621014.0,26.6,47.43,-92.94,68.0,1.0,4.7
534,Tabas,IR,1587621285.0,75.2,33.6,56.92,50.0,40.0,2.24
535,Almeirim,BR,1587620993.0,73.49,-1.52,-52.58,97.0,100.0,1.45
536,Gisborne,NZ,1587621291.0,64.0,-38.65,178.0,66.0,97.0,3.0
537,Tigil',RU,1587621295.0,34.88,57.8,158.67,86.0,99.0,13.31
538,Roald,NO,1587621298.0,39.99,62.58,6.13,93.0,57.0,3.36
539,Turochak,RU,1587621301.0,78.98,52.26,87.12,19.0,72.0,5.37
540,Aswān,EG,1587621045.0,84.94,24.09,32.91,14.0,0.0,12.8
541,Mastic Beach,US,1587621307.0,41.0,40.77,-72.85,41.0,1.0,5.82
542,Nhamundá,BR,1587621310.0,74.39,-2.19,-56.71,96.0,100.0,0.89
543,Amethī,IN,1587621313.0,98.02,26.15,81.82,13.0,56.0,7.7
544,Tautira,PF,1587621317.0,82.4,-17.73,-149.15,65.0,1.0,3.36
545,Iberia,US,1587621320.0,77.0,29.95,-91.75,100.0,90.0,20.8
546,Dunedin,NZ,1587621247.0,54.0,-45.87,170.5,73.0,73.0,1.81
547,Voh,NC,1587621326.0,78.03,-20.97,164.7,73.0,6.0,10.87
548,Beyneu,KZ,1587621238.0,52.45,45.32,55.2,52.0,100.0,5.28
549,Wexford,IE,1587621332.0,48.0,52.33,-6.46,83.0,19.0,1.99
550,Adrar,MR,1587621252.0,77.38,20.5,-10.07,15.0,54.0,7.58
551,Angoche,MZ,1587621338.0,76.68,-16.23,39.91,83.0,23.0,7.83
552,Falkenberg,SE,1587621341.0,46.99,56.91,12.49,75.0,22.0,1.12
553,Erbaa,TR,1587621345.0,42.8,40.67,36.57,70.0,75.0,4.7
554,Guiratinga,BR,1587621348.0,66.9,-16.35,-53.76,81.0,80.0,2.04
555,Graneros,CL,1587621351.0,63.86,-34.07,-70.73,44.0,100.0,1.92
556,Ýpsonas,CY,1587621354.0,69.01,34.69,32.96,77.0,20.0,14.99
557,Darłowo,PL,1587621357.0,44.01,54.42,16.41,81.0,0.0,6.51
